{
  "ca_marl": {
    "financial_metrics": {
      "sharpe_ratio": 2.2590503456642623,
      "sortino_ratio": 2.8300541290005374,
      "max_drawdown": -0.05234445510801583,
      "volatility": 0.12520673578995942,
      "cumulative_return": 0.2739823167501214
    }
  },
  "equal_weight_fusion": {
    "financial_metrics": {
      "sharpe_ratio": 2.2484596209541903,
      "sortino_ratio": 2.825861969141302,
      "max_drawdown": -0.05295596818782979,
      "volatility": 0.12518739075840557,
      "cumulative_return": 0.2724502281368357
    },
    "calibration_metrics": {},
    "allocation": {
      "ASIANPAINT.NS": 0.030302540444509037,
      "AXISBANK.NS": 0.015083186436848403,
      "BHARTIARTL.NS": 0.07038039400847317,
      "HDFCBANK.NS": 0.08288531209895399,
      "HINDUNILVR.NS": 0.09489355290409983,
      "ICICIBANK.NS": 0.0273115545526766,
      "INFY.NS": 0.030302540444509037,
      "ITC.NS": 0.03110851935788147,
      "KOTAKBANK.NS": 0.06279352084480339,
      "LT.NS": 0.047619132515426266,
      "MARUTI.NS": 0.07792158806355666,
      "NTPC.NS": 0.0057587770834735446,
      "POWERGRID.NS": 0.11169141793680921,
      "RELIANCE.NS": 0.04243953690474694,
      "SBIN.NS": 0.05753342985456276,
      "SUNPHARMA.NS": 0.061685340339433334,
      "TCS.NS": 1.9112300617481082e-07,
      "TITAN.NS": 0.05620713646399723,
      "WIPRO.NS": 0.09408232862223304
    },
    "fallback_used": false
  },
  "no_calibration": {
    "financial_metrics": {
      "sharpe_ratio": 2.2484596209541903,
      "sortino_ratio": 2.8258619691413025,
      "max_drawdown": -0.05295596818782979,
      "volatility": 0.12518739075840557,
      "cumulative_return": 0.2724502281368355
    },
    "calibration_metrics": {},
    "allocation": {
      "ASIANPAINT.NS": 0.030302540444509033,
      "AXISBANK.NS": 0.015083186436848401,
      "BHARTIARTL.NS": 0.07038039400847317,
      "HDFCBANK.NS": 0.08288531209895399,
      "HINDUNILVR.NS": 0.0948935529040998,
      "ICICIBANK.NS": 0.027311554552676597,
      "INFY.NS": 0.030302540444509033,
      "ITC.NS": 0.031108519357881465,
      "KOTAKBANK.NS": 0.06279352084480339,
      "LT.NS": 0.04761913251542626,
      "MARUTI.NS": 0.07792158806355665,
      "NTPC.NS": 0.005758777083473544,
      "POWERGRID.NS": 0.11169141793680921,
      "RELIANCE.NS": 0.04243953690474694,
      "SBIN.NS": 0.05753342985456276,
      "SUNPHARMA.NS": 0.06168534033943333,
      "TCS.NS": 1.9112300617481082e-07,
      "TITAN.NS": 0.05620713646399722,
      "WIPRO.NS": 0.09408232862223302
    },
    "fallback_used": true
  },
  "shuffled_confidence": {
    "financial_metrics": {
      "sharpe_ratio": 2.230189248443379,
      "sortino_ratio": 2.8158822984989014,
      "max_drawdown": -0.05333236683816939,
      "volatility": 0.1248274610122142,
      "cumulative_return": 0.26904681642382844
    },
    "calibration_metrics": {},
    "allocation": {
      "ASIANPAINT.NS": 0.03496718246619361,
      "AXISBANK.NS": 0.01361877198764128,
      "BHARTIARTL.NS": 0.07115373635598177,
      "HDFCBANK.NS": 0.08436123917409628,
      "HINDUNILVR.NS": 0.0952035576711047,
      "ICICIBANK.NS": 0.024659812819413936,
      "INFY.NS": 0.03496718246619361,
      "ITC.NS": 0.02808810684455751,
      "KOTAKBANK.NS": 0.06430349937525238,
      "LT.NS": 0.04491237605130379,
      "MARUTI.NS": 0.0798794605525374,
      "NTPC.NS": 0.005200139181467128,
      "POWERGRID.NS": 0.11037045894413293,
      "RELIANCE.NS": 0.038319004160590496,
      "SBIN.NS": 0.05955412910821096,
      "SUNPHARMA.NS": 0.0576134140866996,
      "TCS.NS": 2.2054365516449812e-07,
      "TITAN.NS": 0.05835661020479036,
      "WIPRO.NS": 0.09447109800617712
    },
    "fallback_used": false
  },
  "drop_market_agent": {
    "financial_metrics": {
      "sharpe_ratio": 2.134023420262413,
      "sortino_ratio": 2.7410530803697575,
      "max_drawdown": -0.05711623485851685,
      "volatility": 0.12624273582832152,
      "cumulative_return": 0.2588555042951062
    },
    "calibration_metrics": {},
    "allocation": {
      "ASIANPAINT.NS": 0.046444879847748276,
      "AXISBANK.NS": 0.022131488773652532,
      "BHARTIARTL.NS": 0.10525088146278246,
      "HDFCBANK.NS": 0.053728123277346954,
      "HINDUNILVR.NS": 0.07134774522277129,
      "ICICIBANK.NS": 0.04007409389353584,
      "INFY.NS": 0.046444879847748276,
      "ITC.NS": 0.04564535564823334,
      "KOTAKBANK.NS": 0.09411870656215399,
      "LT.NS": 1.3012117293184436e-07,
      "MARUTI.NS": 0.046444879847748276,
      "NTPC.NS": 0.008449950956269795,
      "POWERGRID.NS": 0.09599515496157092,
      "RELIANCE.NS": 0.06227130437377175,
      "SBIN.NS": 0.08640060562210153,
      "SUNPHARMA.NS": 0.020639543059383522,
      "TCS.NS": 2.9293534230850403e-07,
      "TITAN.NS": 0.0844545430381079,
      "WIPRO.NS": 0.07015744054855821
    },
    "fallback_used": false
  },
  "drop_risk_agent": {
    "financial_metrics": {
      "sharpe_ratio": 2.3579649157454066,
      "sortino_ratio": 2.847496249855771,
      "max_drawdown": -0.05039117301701994,
      "volatility": 0.12811519003762006,
      "cumulative_return": 0.2953093822066246
    },
    "calibration_metrics": {},
    "allocation": {
      "ASIANPAINT.NS": 0.0,
      "AXISBANK.NS": 0.019863175922218076,
      "BHARTIARTL.NS": 0.05277977268781102,
      "HDFCBANK.NS": 0.08668301968268297,
      "HINDUNILVR.NS": 0.10249704572738029,
      "ICICIBANK.NS": 0.0359672625675519,
      "INFY.NS": 0.0,
      "ITC.NS": 0.04096765678713689,
      "KOTAKBANK.NS": 0.0427883832948972,
      "LT.NS": 0.08014613701617067,
      "MARUTI.NS": 0.08014613701617067,
      "NTPC.NS": 0.007581279177823332,
      "POWERGRID.NS": 0.12461867698320442,
      "RELIANCE.NS": 0.05588957415579829,
      "SBIN.NS": 0.03586120576182368,
      "SUNPHARMA.NS": 0.09866738527818941,
      "TCS.NS": 0.0,
      "TITAN.NS": 0.034114568718009115,
      "WIPRO.NS": 0.10142871922313206
    },
    "fallback_used": false
  },
  "drop_allocation_agent": {
    "financial_metrics": {
      "sharpe_ratio": 2.206442554576134,
      "sortino_ratio": 2.820764007826915,
      "max_drawdown": -0.05104340447377658,
      "volatility": 0.12500167216405744,
      "cumulative_return": 0.2661517027590117
    },
    "calibration_metrics": {},
    "allocation": {
      "ASIANPAINT.NS": 0.040885270565310265,
      "AXISBANK.NS": 3.5010795696497636e-07,
      "BHARTIARTL.NS": 0.040885270565310265,
      "HDFCBANK.NS": 0.1194930924939847,
      "HINDUNILVR.NS": 0.1194930924939847,
      "ICICIBANK.NS": 1.778903157821249e-07,
      "INFY.NS": 0.040885270565310265,
      "ITC.NS": 1.234918953736916e-07,
      "KOTAKBANK.NS": 0.040885270565310265,
      "LT.NS": 0.07860793647390266,
      "MARUTI.NS": 0.1194930924939847,
      "NTPC.NS": 2.6981944677795026e-06,
      "POWERGRID.NS": 0.1194930924939847,
      "RELIANCE.NS": 3.8197084818780873e-07,
      "SBIN.NS": 0.040885270565310265,
      "SUNPHARMA.NS": 0.07861098813883766,
      "TCS.NS": 2.5786999057132063e-07,
      "TITAN.NS": 0.040885270565310265,
      "WIPRO.NS": 0.1194930924939847
    },
    "fallback_used": false
  }
}