{
  "experiment": "ca_marl",
  "seed": 43,
  "seed_label": "seed_0043",
  "universe": [
    "ASIANPAINT.NS",
    "AXISBANK.NS",
    "BHARTIARTL.NS",
    "HDFCBANK.NS",
    "HINDUNILVR.NS",
    "ICICIBANK.NS",
    "INFY.NS",
    "ITC.NS",
    "KOTAKBANK.NS",
    "LT.NS",
    "MARUTI.NS",
    "NTPC.NS",
    "POWERGRID.NS",
    "RELIANCE.NS",
    "SBIN.NS",
    "SUNPHARMA.NS",
    "TCS.NS",
    "TITAN.NS",
    "WIPRO.NS"
  ],
  "n_timesteps": 1111,
  "n_assets": 19,
  "config": {
    "ppo": {
      "learning_rate": 0.0003,
      "n_steps": 128,
      "batch_size": 32,
      "gamma": 0.99,
      "total_timesteps": 1000
    },
    "confidence": {
      "calibration_method": "platt",
      "historical_accuracy_weight": 0.4,
      "reward_stability_weight": 0.3,
      "prediction_consistency_weight": 0.3
    }
  },
  "folds": [
    {
      "fold_id": "01",
      "schedule": {
        "train": [
          0,
          504
        ],
        "val": [
          504,
          567
        ],
        "test": [
          567,
          693
        ]
      },
      "allocation": {
        "ASIANPAINT.NS": 0.04523262867693172,
        "AXISBANK.NS": 0.048752280330801305,
        "BHARTIARTL.NS": 3.739528535967569e-07,
        "HDFCBANK.NS": 0.09810888485718933,
        "HINDUNILVR.NS": 6.000667458264465e-07,
        "ICICIBANK.NS": 6.496563536794129e-08,
        "INFY.NS": 0.07565089904197624,
        "ITC.NS": 0.02754532365721395,
        "KOTAKBANK.NS": 0.02754532365721395,
        "LT.NS": 0.07629734168236207,
        "MARUTI.NS": 0.02754532365721395,
        "NTPC.NS": 0.048752601380191496,
        "POWERGRID.NS": 0.02754532365721395,
        "RELIANCE.NS": 0.07629734168236207,
        "SBIN.NS": 0.09717769075935795,
        "SUNPHARMA.NS": 5.74767539290708e-07,
        "TCS.NS": 0.18583201640004168,
        "TITAN.NS": 0.030704950481347797,
        "WIPRO.NS": 0.10701045632580844
      },
      "fused_decision": {
        "final_allocation": {
          "ASIANPAINT.NS": 0.04523262867693172,
          "AXISBANK.NS": 0.048752280330801305,
          "BHARTIARTL.NS": 3.739528535967569e-07,
          "HDFCBANK.NS": 0.09810888485718933,
          "HINDUNILVR.NS": 6.000667458264465e-07,
          "ICICIBANK.NS": 6.496563536794129e-08,
          "INFY.NS": 0.07565089904197624,
          "ITC.NS": 0.02754532365721395,
          "KOTAKBANK.NS": 0.02754532365721395,
          "LT.NS": 0.07629734168236207,
          "MARUTI.NS": 0.02754532365721395,
          "NTPC.NS": 0.048752601380191496,
          "POWERGRID.NS": 0.02754532365721395,
          "RELIANCE.NS": 0.07629734168236207,
          "SBIN.NS": 0.09717769075935795,
          "SUNPHARMA.NS": 5.74767539290708e-07,
          "TCS.NS": 0.18583201640004168,
          "TITAN.NS": 0.030704950481347797,
          "WIPRO.NS": 0.10701045632580844
        },
        "fallback_used": false
      },
      "financial_metrics": {
        "sharpe_ratio": -0.6176331956544726,
        "sortino_ratio": -0.9922051823207741,
        "max_drawdown": -0.13757895585146265,
        "volatility": 0.1783114341503523,
        "cumulative_return": -0.06056069562967581
      },
      "calibration_metrics": {
        "market_agent": {
          "ece": 0.09157778251634452,
          "brier_score": 0.008386490250610897
        },
        "risk_agent": {
          "ece": 0.47907198092947045,
          "brier_score": 0.2295099629116869
        },
        "allocation_agent": {
          "ece": 0.5277709208582073,
          "brier_score": 0.27854214490352014
        }
      },
      "fold_summary": "Fold 01: Sharpe=-0.618, Sortino=-0.992, Return=-6.06%",
      "baselines": {
        "equal_weight": {
          "sharpe_ratio": 0.2996775268681415,
          "sortino_ratio": 0.5025806405106201,
          "max_drawdown": -0.11456771317187625,
          "volatility": 0.1581352913012747,
          "cumulative_return": 0.017506564353318987
        },
        "buy_and_hold": {
          "sharpe_ratio": 0.28597909997028215,
          "sortino_ratio": 0.4797503772682759,
          "max_drawdown": -0.11502541638363165,
          "volatility": 0.15649044584126554,
          "cumulative_return": 0.01630607896167202
        },
        "static_mvo": {
          "sharpe_ratio": 2.3780645718954676,
          "sortino_ratio": 3.6705991824052915,
          "max_drawdown": -0.06368009084834479,
          "volatility": 0.21322159417345982,
          "cumulative_return": 0.27138659490448824
        }
      }
    },
    {
      "fold_id": "02",
      "schedule": {
        "train": [
          126,
          630
        ],
        "val": [
          630,
          693
        ],
        "test": [
          693,
          819
        ]
      },
      "allocation": {
        "ASIANPAINT.NS": 0.026582252932248623,
        "AXISBANK.NS": 0.07045828638770936,
        "BHARTIARTL.NS": 0.02383805220557609,
        "HDFCBANK.NS": 0.0334701032128025,
        "HINDUNILVR.NS": 0.1055501715405436,
        "ICICIBANK.NS": 0.023695732649069243,
        "INFY.NS": 0.0012202408892438184,
        "ITC.NS": 0.023695732649069243,
        "KOTAKBANK.NS": 2.8773078416870465e-07,
        "LT.NS": 0.023695732649069243,
        "MARUTI.NS": 0.053948849848757946,
        "NTPC.NS": 0.040368840796384996,
        "POWERGRID.NS": 0.003875248107378001,
        "RELIANCE.NS": 0.243241651467498,
        "SBIN.NS": 0.24057451913167735,
        "SUNPHARMA.NS": 0.023695732649069243,
        "TCS.NS": 0.023695732649069243,
        "TITAN.NS": 2.1151819399562753e-07,
        "WIPRO.NS": 0.038392620985855365
      },
      "fused_decision": {
        "final_allocation": {
          "ASIANPAINT.NS": 0.026582252932248623,
          "AXISBANK.NS": 0.07045828638770936,
          "BHARTIARTL.NS": 0.02383805220557609,
          "HDFCBANK.NS": 0.0334701032128025,
          "HINDUNILVR.NS": 0.1055501715405436,
          "ICICIBANK.NS": 0.023695732649069243,
          "INFY.NS": 0.0012202408892438184,
          "ITC.NS": 0.023695732649069243,
          "KOTAKBANK.NS": 2.8773078416870465e-07,
          "LT.NS": 0.023695732649069243,
          "MARUTI.NS": 0.053948849848757946,
          "NTPC.NS": 0.040368840796384996,
          "POWERGRID.NS": 0.003875248107378001,
          "RELIANCE.NS": 0.243241651467498,
          "SBIN.NS": 0.24057451913167735,
          "SUNPHARMA.NS": 0.023695732649069243,
          "TCS.NS": 0.023695732649069243,
          "TITAN.NS": 2.1151819399562753e-07,
          "WIPRO.NS": 0.038392620985855365
        },
        "fallback_used": false
      },
      "financial_metrics": {
        "sharpe_ratio": 0.5068153447075054,
        "sortino_ratio": 0.7688370080701841,
        "max_drawdown": -0.11550383595290757,
        "volatility": 0.12617938558806374,
        "cumulative_return": 0.028189156922903358
      },
      "calibration_metrics": {
        "market_agent": {
          "ece": 0.2136817342333262,
          "brier_score": 0.04565988354496185
        },
        "risk_agent": {
          "ece": 0.4805442791580187,
          "brier_score": 0.23092280423149977
        },
        "allocation_agent": {
          "ece": 0.505788136408193,
          "brier_score": 0.25582163893127285
        }
      },
      "fold_summary": "Fold 02: Sharpe=0.507, Sortino=0.769, Return=+2.82%",
      "baselines": {
        "equal_weight": {
          "sharpe_ratio": 0.7525725972493164,
          "sortino_ratio": 1.2677988248079193,
          "max_drawdown": -0.07002986228346085,
          "volatility": 0.09539296706646186,
          "cumulative_return": 0.03393052183228651
        },
        "buy_and_hold": {
          "sharpe_ratio": 0.6872105854304907,
          "sortino_ratio": 1.1605069131398926,
          "max_drawdown": -0.07212991774367838,
          "volatility": 0.09547352536079515,
          "cumulative_return": 0.030762850061002656
        },
        "static_mvo": {
          "sharpe_ratio": 2.3344848758030547,
          "sortino_ratio": 4.370113845804258,