{
  "experiment": "ca_marl",
  "seed": 42,
  "seed_label": "seed_0042",
  "universe": [
    "ASIANPAINT.NS",
    "AXISBANK.NS",
    "BHARTIARTL.NS",
    "HDFCBANK.NS",
    "HINDUNILVR.NS",
    "ICICIBANK.NS",
    "INFY.NS",
    "ITC.NS",
    "KOTAKBANK.NS",
    "LT.NS",
    "MARUTI.NS",
    "NTPC.NS",
    "POWERGRID.NS",
    "RELIANCE.NS",
    "SBIN.NS",
    "SUNPHARMA.NS",
    "TCS.NS",
    "TITAN.NS",
    "WIPRO.NS"
  ],
  "n_timesteps": 1111,
  "n_assets": 19,
  "config": {
    "ppo": {
      "learning_rate": 0.0003,
      "n_steps": 128,
      "batch_size": 32,
      "gamma": 0.99,
      "total_timesteps": 1000
    },
    "confidence": {
      "calibration_method": "platt",
      "historical_accuracy_weight": 0.4,
      "reward_stability_weight": 0.3,
      "prediction_consistency_weight": 0.3
    }
  },
  "folds": [
    {
      "fold_id": "01",
      "schedule": {
        "train": [
          0,
          504
        ],
        "val": [
          504,
          567
        ],
        "test": [
          567,
          693
        ]
      },
      "allocation": {
        "ASIANPAINT.NS": 2.232352127773469e-05,
        "AXISBANK.NS": 0.016394229914624112,
        "BHARTIARTL.NS": 0.03597606848980351,
        "HDFCBANK.NS": 0.055443672587200975,
        "HINDUNILVR.NS": 0.03477573952411069,
        "ICICIBANK.NS": 0.07917698650752557,
        "INFY.NS": 0.03477573952411069,
        "ITC.NS": 0.059231971252054164,
        "KOTAKBANK.NS": 0.03477573952411069,
        "LT.NS": 1.2771529503480552e-07,
        "MARUTI.NS": 0.10331802162830335,
        "NTPC.NS": 1.9676018480181486e-07,
        "POWERGRID.NS": 0.09021888286379647,
        "RELIANCE.NS": 0.09021888286379647,
        "SBIN.NS": 0.04279529474322381,
        "SUNPHARMA.NS": 0.09382184713006418,
        "TCS.NS": 0.08863625675505875,
        "TITAN.NS": 0.03477573952411069,
        "WIPRO.NS": 0.10564227917134829
      },
      "fused_decision": {
        "final_allocation": {
          "ASIANPAINT.NS": 2.232352127773469e-05,
          "AXISBANK.NS": 0.016394229914624112,
          "BHARTIARTL.NS": 0.03597606848980351,
          "HDFCBANK.NS": 0.055443672587200975,
          "HINDUNILVR.NS": 0.03477573952411069,
          "ICICIBANK.NS": 0.07917698650752557,
          "INFY.NS": 0.03477573952411069,
          "ITC.NS": 0.059231971252054164,
          "KOTAKBANK.NS": 0.03477573952411069,
          "LT.NS": 1.2771529503480552e-07,
          "MARUTI.NS": 0.10331802162830335,
          "NTPC.NS": 1.9676018480181486e-07,
          "POWERGRID.NS": 0.09021888286379647,
          "RELIANCE.NS": 0.09021888286379647,
          "SBIN.NS": 0.04279529474322381,
          "SUNPHARMA.NS": 0.09382184713006418,
          "TCS.NS": 0.08863625675505875,
          "TITAN.NS": 0.03477573952411069,
          "WIPRO.NS": 0.10564227917134829
        },
        "fallback_used": false
      },
      "financial_metrics": {
        "sharpe_ratio": -0.1077303414171609,
        "sortino_ratio": -0.17853248868204905,
        "max_drawdown": -0.10666823236009691,
        "volatility": 0.15741267838062623,
        "cumulative_return": -0.014400954756700446
      },
      "calibration_metrics": {
        "market_agent": {
          "ece": 0.16736595413994926,
          "brier_score": 0.0280113626051756
        },
        "risk_agent": {
          "ece": 0.40913160916127245,
          "brier_score": 0.16738867361489218
        },
        "allocation_agent": {
          "ece": 0.5139605145794787,
          "brier_score": 0.2641554105468025
        }
      },
      "fold_summary": "Fold 01: Sharpe=-0.108, Sortino=-0.179, Return=-1.44%",
      "baselines": {
        "equal_weight": {
          "sharpe_ratio": 0.2996775268681415,
          "sortino_ratio": 0.5025806405106201,
          "max_drawdown": -0.11456771317187625,
          "volatility": 0.1581352913012747,
          "cumulative_return": 0.017506564353318987
        },
        "buy_and_hold": {
          "sharpe_ratio": 0.28597909997028215,
          "sortino_ratio": 0.4797503772682759,
          "max_drawdown": -0.11502541638363165,
          "volatility": 0.15649044584126554,
          "cumulative_return": 0.01630607896167202
        },
        "static_mvo": {
          "sharpe_ratio": 2.3780645718954676,
          "sortino_ratio": 3.6705991824052915,
          "max_drawdown": -0.06368009084834479,
          "volatility": 0.21322159417345982,
          "cumulative_return": 0.27138659490448824
        }
      }
    },
    {
      "fold_id": "02",
      "schedule": {
        "train": [
          126,
          630
        ],
        "val": [
          630,
          693
        ],
        "test": [
          693,
          819
        ]
      },
      "allocation": {
        "ASIANPAINT.NS": 0.042080483994165106,
        "AXISBANK.NS": 0.07730215998399716,
        "BHARTIARTL.NS": 0.07730215998399716,
        "HDFCBANK.NS": 0.05939994238357699,
        "HINDUNILVR.NS": 0.0119426007505999,
        "ICICIBANK.NS": 0.05374668208281523,
        "INFY.NS": 0.07504569321109521,
        "ITC.NS": 0.03522298716720871,
        "KOTAKBANK.NS": 0.07833901508377764,
        "LT.NS": 0.023974316839895964,
        "MARUTI.NS": 0.07133146248124421,
        "NTPC.NS": 0.03522298716720871,
        "POWERGRID.NS": 0.07620385056172711,
        "RELIANCE.NS": 1.3916660108969608e-07,
        "SBIN.NS": 0.09845869437992116,
        "SUNPHARMA.NS": 0.08757311063763674,
        "TCS.NS": 0.05476907056512257,
        "TITAN.NS": 0.042084464224273935,
        "WIPRO.NS": 1.7933513550120525e-07
      },
      "fused_decision": {
        "final_allocation": {
          "ASIANPAINT.NS": 0.0420804839941651,
          "AXISBANK.NS": 0.07730215998399714,
          "BHARTIARTL.NS": 0.07730215998399714,
          "HDFCBANK.NS": 0.05939994238357698,
          "HINDUNILVR.NS": 0.011942600750599898,
          "ICICIBANK.NS": 0.053746682082815224,
          "INFY.NS": 0.0750456932110952,
          "ITC.NS": 0.0352229871672087,
          "KOTAKBANK.NS": 0.07833901508377762,
          "LT.NS": 0.02397431683989596,
          "MARUTI.NS": 0.0713314624812442,
          "NTPC.NS": 0.0352229871672087,
          "POWERGRID.NS": 0.0762038505617271,
          "RELIANCE.NS": 1.3916660108969605e-07,
          "SBIN.NS": 0.09845869437992115,
          "SUNPHARMA.NS": 0.08757311063763673,
          "TCS.NS": 0.05476907056512256,
          "TITAN.NS": 0.04208446422427393,
          "WIPRO.NS": 1.7933513550120522e-07
        },
        "fallback_used": false
      },
      "financial_metrics": {
        "sharpe_ratio": 0.7610186273562668,
        "sortino_ratio": 1.2646929165350682,
        "max_drawdown": -0.07429334943505131,
        "volatility": 0.0992713992896417,
        "cumulative_return": 0.03566657364298842
      },
      "calibration_metrics": {
        "market_agent": {
          "ece": 0.23999528447880025,
          "brier_score": 0.057597736572060264
        },
        "risk_agent": {
          "ece": 0.39400139911175147,
          "brier_score": 0.15523710250201767
        },
        "allocation_agent": {
          "ece": 0.5310986625338523,
          "brier_score": 0.28206578934524673
        }
      },
      "fold_summary": "Fold 02: Sharpe=0.761, Sortino=1.265, Return=+3.57%",
      "baselines": {
        "equal_weight": {
          "sharpe_ratio": 0.7525725972493164,
          "sortino_ratio": 1.2677988248079193,
          "max_drawdown": -0.07002986228346085,
          "volatility": 0.09539296706646186,
          "cumulative_return": 0.03393052183228651
        },
        "buy_and_hold": {
          "sharpe_ratio": 0.6872105854304907,
          "sortino_ratio": 1.1605069131398926,
          "max_drawdown": -0.07212991774367838,
          "volatility": 0.09547352536079515,
          "cumulative_return": 0.030762850061002656
        },
        "static_mvo": {
          "sharpe_ratio": 2.3344848758030547,
          "sortino_ratio": 4.370113845804258,
          "max_drawdown": -0.09426110407673992,