{
  "experiment": "ca_marl",
  "seed": 44,
  "seed_label": "seed_0044",
  "universe": [
    "ASIANPAINT.NS",
    "AXISBANK.NS",
    "BHARTIARTL.NS",
    "HDFCBANK.NS",
    "HINDUNILVR.NS",
    "ICICIBANK.NS",
    "INFY.NS",
    "ITC.NS",
    "KOTAKBANK.NS",
    "LT.NS",
    "MARUTI.NS",
    "NTPC.NS",
    "POWERGRID.NS",
    "RELIANCE.NS",
    "SBIN.NS",
    "SUNPHARMA.NS",
    "TCS.NS",
    "TITAN.NS",
    "WIPRO.NS"
  ],
  "n_timesteps": 1111,
  "n_assets": 19,
  "config": {
    "ppo": {
      "learning_rate": 0.0003,
      "n_steps": 128,
      "batch_size": 32,
      "gamma": 0.99,
      "total_timesteps": 1000
    },
    "confidence": {
      "calibration_method": "platt",
      "historical_accuracy_weight": 0.4,
      "reward_stability_weight": 0.3,
      "prediction_consistency_weight": 0.3
    }
  },
  "folds": [
    {
      "fold_id": "01",
      "schedule": {
        "train": [
          0,
          504
        ],
        "val": [
          504,
          567
        ],
        "test": [
          567,
          693
        ]
      },
      "allocation": {
        "ASIANPAINT.NS": 0.07392617607193598,
        "AXISBANK.NS": 0.0062674127750167435,
        "BHARTIARTL.NS": 5.586654007700542e-07,
        "HDFCBANK.NS": 1.0760762085793577e-06,
        "HINDUNILVR.NS": 1.8582953319749353e-07,
        "ICICIBANK.NS": 0.09235498201961549,
        "INFY.NS": 0.09235498201961549,
        "ITC.NS": 0.02842432000493252,
        "KOTAKBANK.NS": 0.02842432000493252,
        "LT.NS": 0.03213364740750931,
        "MARUTI.NS": 0.08421255797677976,
        "NTPC.NS": 0.10729042363703992,
        "POWERGRID.NS": 0.03727559910011727,
        "RELIANCE.NS": 0.06179098071196102,
        "SBIN.NS": 0.02842432000493252,
        "SUNPHARMA.NS": 0.11086629915750959,
        "TCS.NS": 0.03426618318745768,
        "TITAN.NS": 0.0840435199953451,
        "WIPRO.NS": 0.09794245535415654
      },
      "fused_decision": {
        "final_allocation": {
          "ASIANPAINT.NS": 0.07392617607193598,
          "AXISBANK.NS": 0.0062674127750167435,
          "BHARTIARTL.NS": 5.586654007700542e-07,
          "HDFCBANK.NS": 1.0760762085793577e-06,
          "HINDUNILVR.NS": 1.8582953319749353e-07,
          "ICICIBANK.NS": 0.09235498201961549,
          "INFY.NS": 0.09235498201961549,
          "ITC.NS": 0.02842432000493252,
          "KOTAKBANK.NS": 0.02842432000493252,
          "LT.NS": 0.03213364740750931,
          "MARUTI.NS": 0.08421255797677976,
          "NTPC.NS": 0.10729042363703992,
          "POWERGRID.NS": 0.03727559910011727,
          "RELIANCE.NS": 0.06179098071196102,
          "SBIN.NS": 0.02842432000493252,
          "SUNPHARMA.NS": 0.11086629915750959,
          "TCS.NS": 0.03426618318745768,
          "TITAN.NS": 0.0840435199953451,
          "WIPRO.NS": 0.09794245535415654
        },
        "fallback_used": false
      },
      "financial_metrics": {
        "sharpe_ratio": 0.0515896425524496,
        "sortino_ratio": 0.08494854765976677,
        "max_drawdown": -0.13368238393598075,
        "volatility": 0.16507306676827302,
        "cumulative_return": -0.0024774114098402578
      },
      "calibration_metrics": {
        "market_agent": {
          "ece": 0.2368408308171256,
          "brier_score": 0.056093579142146306
        },
        "risk_agent": {
          "ece": 0.4110948335843846,
          "brier_score": 0.16899896219977287
        },
        "allocation_agent": {
          "ece": 0.5209553490584756,
          "brier_score": 0.2713944757126382
        }
      },
      "fold_summary": "Fold 01: Sharpe=0.052, Sortino=0.085, Return=-0.25%",
      "baselines": {
        "equal_weight": {
          "sharpe_ratio": 0.2996775268681415,
          "sortino_ratio": 0.5025806405106201,
          "max_drawdown": -0.11456771317187625,
          "volatility": 0.1581352913012747,
          "cumulative_return": 0.017506564353318987
        },
        "buy_and_hold": {
          "sharpe_ratio": 0.28597909997028215,
          "sortino_ratio": 0.4797503772682759,
          "max_drawdown": -0.11502541638363165,
          "volatility": 0.15649044584126554,
          "cumulative_return": 0.01630607896167202
        },
        "static_mvo": {
          "sharpe_ratio": 2.3780645718954676,
          "sortino_ratio": 3.6705991824052915,
          "max_drawdown": -0.06368009084834479,
          "volatility": 0.21322159417345982,
          "cumulative_return": 0.27138659490448824
        }
      }
    },
    {
      "fold_id": "02",
      "schedule": {
        "train": [
          126,
          630
        ],
        "val": [
          630,
          693
        ],
        "test": [
          693,
          819
        ]
      },
      "allocation": {
        "ASIANPAINT.NS": 7.265472227369935e-07,
        "AXISBANK.NS": 0.004607297324095231,
        "BHARTIARTL.NS": 0.02384481098477202,
        "HDFCBANK.NS": 0.10631903955508336,
        "HINDUNILVR.NS": 0.057868792905843645,
        "ICICIBANK.NS": 0.13007816138153006,
        "INFY.NS": 0.052738195878386795,
        "ITC.NS": 1.3249270743297075e-07,
        "KOTAKBANK.NS": 0.11735450851405022,
        "LT.NS": 0.06006932515517622,
        "MARUTI.NS": 0.053841079416333225,
        "NTPC.NS": 0.02384481098477202,
        "POWERGRID.NS": 0.10209492870212268,
        "RELIANCE.NS": 0.12253304715059869,
        "SBIN.NS": 0.02384481098477202,
        "SUNPHARMA.NS": 0.06298114162949181,
        "TCS.NS": 0.02384481098477202,
        "TITAN.NS": 0.02384481098477202,
        "WIPRO.NS": 0.010289568423497838
      },
      "fused_decision": {
        "final_allocation": {
          "ASIANPAINT.NS": 7.265472227369935e-07,
          "AXISBANK.NS": 0.004607297324095231,
          "BHARTIARTL.NS": 0.02384481098477202,
          "HDFCBANK.NS": 0.10631903955508336,
          "HINDUNILVR.NS": 0.057868792905843645,
          "ICICIBANK.NS": 0.13007816138153006,
          "INFY.NS": 0.052738195878386795,
          "ITC.NS": 1.3249270743297075e-07,
          "KOTAKBANK.NS": 0.11735450851405022,
          "LT.NS": 0.06006932515517622,
          "MARUTI.NS": 0.053841079416333225,
          "NTPC.NS": 0.02384481098477202,
          "POWERGRID.NS": 0.10209492870212268,
          "RELIANCE.NS": 0.12253304715059869,
          "SBIN.NS": 0.02384481098477202,
          "SUNPHARMA.NS": 0.06298114162949181,
          "TCS.NS": 0.02384481098477202,
          "TITAN.NS": 0.02384481098477202,
          "WIPRO.NS": 0.010289568423497838
        },
        "fallback_used": false
      },
      "financial_metrics": {
        "sharpe_ratio": 0.9211235118740879,
        "sortino_ratio": 1.5160818361913473,
        "max_drawdown": -0.08358291247879576,
        "volatility": 0.09979827459027008,
        "cumulative_return": 0.04408502571645245
      },
      "calibration_metrics": {
        "market_agent": {
          "ece": 0.09157341844534295,
          "brier_score": 0.008385690965765876
        },
        "risk_agent": {
          "ece": 0.4161205293019745,
          "brier_score": 0.17315629490655543
        },
        "allocation_agent": {
          "ece": 0.5120198917424236,
          "brier_score": 0.26216436953992317
        }
      },
      "fold_summary": "Fold 02: Sharpe=0.921, Sortino=1.516, Return=+4.41%",
      "baselines": {
        "equal_weight": {
          "sharpe_ratio": 0.7525725972493164,
          "sortino_ratio": 1.2677988248079193,
          "max_drawdown": -0.07002986228346085,
          "volatility": 0.09539296706646186,
          "cumulative_return": 0.03393052183228651
        },
        "buy_and_hold": {
          "sharpe_ratio": 0.6872105854304907,
          "sortino_ratio": 1.1605069131398926,
          "max_drawdown": -0.07212991774367838,
          "volatility": 0.09547352536079515,
          "cumulative_return": 0.030762850061002656
        },
        "static_mvo": {
          "sharpe_ratio": 2.3344848758030547,
          "sortino_ratio": 4.370113845804258,
          "max_drawdown": -0.09426110407673992,