{
  "experiment": "ca_marl",
  "seed": 45,
  "seed_label": "seed_0045",
  "universe": [
    "ASIANPAINT.NS",
    "AXISBANK.NS",
    "BHARTIARTL.NS",
    "HDFCBANK.NS",
    "HINDUNILVR.NS",
    "ICICIBANK.NS",
    "INFY.NS",
    "ITC.NS",
    "KOTAKBANK.NS",
    "LT.NS",
    "MARUTI.NS",
    "NTPC.NS",
    "POWERGRID.NS",
    "RELIANCE.NS",
    "SBIN.NS",
    "SUNPHARMA.NS",
    "TCS.NS",
    "TITAN.NS",
    "WIPRO.NS"
  ],
  "n_timesteps": 1111,
  "n_assets": 19,
  "config": {
    "ppo": {
      "learning_rate": 0.0003,
      "n_steps": 128,
      "batch_size": 32,
      "gamma": 0.99,
      "total_timesteps": 1000
    },
    "confidence": {
      "calibration_method": "platt",
      "historical_accuracy_weight": 0.4,
      "reward_stability_weight": 0.3,
      "prediction_consistency_weight": 0.3
    }
  },
  "folds": [
    {
      "fold_id": "01",
      "schedule": {
        "train": [
          0,
          504
        ],
        "val": [
          504,
          567
        ],
        "test": [
          567,
          693
        ]
      },
      "allocation": {
        "ASIANPAINT.NS": 0.041780014571900136,
        "AXISBANK.NS": 0.02625510372003287,
        "BHARTIARTL.NS": 0.10713370195579365,
        "HDFCBANK.NS": 0.08661478179354368,
        "HINDUNILVR.NS": 0.08580474234079542,
        "ICICIBANK.NS": 0.019105769733737496,
        "INFY.NS": 2.2550753882070134e-07,
        "ITC.NS": 0.02625510372003287,
        "KOTAKBANK.NS": 0.06952167302559689,
        "LT.NS": 0.08259693835194354,
        "MARUTI.NS": 0.02625510372003287,
        "NTPC.NS": 0.037883678600563464,
        "POWERGRID.NS": 0.04326673625090717,
        "RELIANCE.NS": 0.03813378849183691,
        "SBIN.NS": 0.09182145864828212,
        "SUNPHARMA.NS": 0.04580339853643927,
        "TCS.NS": 0.06952167302559689,
        "TITAN.NS": 0.041091884969507796,
        "WIPRO.NS": 0.061154223035918144
      },
      "fused_decision": {
        "final_allocation": {
          "ASIANPAINT.NS": 0.041780014571900136,
          "AXISBANK.NS": 0.02625510372003287,
          "BHARTIARTL.NS": 0.10713370195579365,
          "HDFCBANK.NS": 0.08661478179354368,
          "HINDUNILVR.NS": 0.08580474234079542,
          "ICICIBANK.NS": 0.019105769733737496,
          "INFY.NS": 2.2550753882070134e-07,
          "ITC.NS": 0.02625510372003287,
          "KOTAKBANK.NS": 0.06952167302559689,
          "LT.NS": 0.08259693835194354,
          "MARUTI.NS": 0.02625510372003287,
          "NTPC.NS": 0.037883678600563464,
          "POWERGRID.NS": 0.04326673625090717,
          "RELIANCE.NS": 0.03813378849183691,
          "SBIN.NS": 0.09182145864828212,
          "SUNPHARMA.NS": 0.04580339853643927,
          "TCS.NS": 0.06952167302559689,
          "TITAN.NS": 0.041091884969507796,
          "WIPRO.NS": 0.061154223035918144
        },
        "fallback_used": false
      },
      "financial_metrics": {
        "sharpe_ratio": 0.2871341308454109,
        "sortino_ratio": 0.4767544050572309,
        "max_drawdown": -0.11517549274912216,
        "volatility": 0.15877767130988293,
        "cumulative_return": 0.016546237648810136
      },
      "calibration_metrics": {
        "market_agent": {
          "ece": 0.14420794141084803,
          "brier_score": 0.020795930365954576
        },
        "risk_agent": {
          "ece": 0.2995795788577347,
          "brier_score": 0.08974792406857766
        },
        "allocation_agent": {
          "ece": 0.5088952169118277,
          "brier_score": 0.2589743417957362
        }
      },
      "fold_summary": "Fold 01: Sharpe=0.287, Sortino=0.477, Return=+1.65%",
      "baselines": {
        "equal_weight": {
          "sharpe_ratio": 0.29967704939816114,
          "sortino_ratio": 0.5025793161748087,
          "max_drawdown": -0.11456770669620146,
          "volatility": 0.15813530444251103,
          "cumulative_return": 0.017506527124234728
        },
        "buy_and_hold": {
          "sharpe_ratio": 0.28597851702029226,
          "sortino_ratio": 0.4797488337759689,
          "max_drawdown": -0.11502540830431542,
          "volatility": 0.1564904703672511,
          "cumulative_return": 0.01630603452646806
        },
        "static_mvo": {
          "sharpe_ratio": -2.599120027109657,
          "sortino_ratio": -3.309458472893441,
          "max_drawdown": -0.32206727095865767,
          "volatility": 0.28467873314190817,
          "cumulative_return": -0.3214604873216079
        }
      }
    },
    {
      "fold_id": "02",
      "schedule": {
        "train": [
          126,
          630
        ],
        "val": [
          630,
          693
        ],
        "test": [
          693,
          819
        ]
      },
      "allocation": {
        "ASIANPAINT.NS": 0.09395626240382278,
        "AXISBANK.NS": 0.002980514061650816,
        "BHARTIARTL.NS": 0.020569489904074773,
        "HDFCBANK.NS": 0.05487436095182588,
        "HINDUNILVR.NS": 0.11608300670399113,
        "ICICIBANK.NS": 0.12422616317923325,
        "INFY.NS": 0.05487500350751655,
        "ITC.NS": 1.973368067362509e-07,
        "KOTAKBANK.NS": 0.04233458197454223,
        "LT.NS": 0.13395800379553768,
        "MARUTI.NS": 0.01286681454279981,
        "NTPC.NS": 0.06988348336849519,
        "POWERGRID.NS": 0.05035150251537107,
        "RELIANCE.NS": 0.03908204466453512,
        "SBIN.NS": 1.374932686160901e-06,
        "SUNPHARMA.NS": 3.0938762303428403e-07,
        "TCS.NS": 0.07057514365541717,
        "TITAN.NS": 7.071097939145624e-07,
        "WIPRO.NS": 0.11338103600427674
      },
      "fused_decision": {
        "final_allocation": {
          "ASIANPAINT.NS": 0.09395626240382278,
          "AXISBANK.NS": 0.002980514061650816,
          "BHARTIARTL.NS": 0.020569489904074773,
          "HDFCBANK.NS": 0.05487436095182588,
          "HINDUNILVR.NS": 0.11608300670399113,
          "ICICIBANK.NS": 0.12422616317923325,
          "INFY.NS": 0.05487500350751655,
          "ITC.NS": 1.973368067362509e-07,
          "KOTAKBANK.NS": 0.04233458197454223,
          "LT.NS": 0.13395800379553768,
          "MARUTI.NS": 0.01286681454279981,
          "NTPC.NS": 0.06988348336849519,
          "POWERGRID.NS": 0.05035150251537107,
          "RELIANCE.NS": 0.03908204466453512,
          "SBIN.NS": 1.374932686160901e-06,
          "SUNPHARMA.NS": 3.0938762303428403e-07,
          "TCS.NS": 0.07057514365541717,
          "TITAN.NS": 7.071097939145624e-07,
          "WIPRO.NS": 0.11338103600427674
        },
        "fallback_used": false
      },
      "financial_metrics": {
        "sharpe_ratio": 0.49186037433118585,
        "sortino_ratio": 0.82131429294598,
        "max_drawdown": -0.07259296392143595,
        "volatility": 0.09992157355200769,
        "cumulative_return": 0.022163714762901243
      },
      "calibration_metrics": {
        "market_agent": {
          "ece": 0.23052339279461342,
          "brier_score": 0.05314103462553963
        },
        "risk_agent": {
          "ece": 0.469631540833201,
          "brier_score": 0.22055378414536655
        },
        "allocation_agent": {
          "ece": 0.5143400929152958,
          "brier_score": 0.26454573118011515
        }
      },
      "fold_summary": "Fold 02: Sharpe=0.492, Sortino=0.821, Return=+2.22%",
      "baselines": {
        "equal_weight": {
          "sharpe_ratio": 0.7525733223227133,
          "sortino_ratio": 1.2678002874219296,
          "max_drawdown": -0.07002985532029836,
          "volatility": 0.09539297644207444,
          "cumulative_return": 0.03393056046964804
        },
        "buy_and_hold": {
          "sharpe_ratio": 0.6872113060240922,
          "sortino_ratio": 1.1605083464266512,
          "max_drawdown": -0.07212991015621323,
          "volatility": 0.09547353496995278,
          "cumulative_return": 0.030762888150259293
        },
        "static_mvo": {
          "sharpe_ratio": 0.32189040346916875,
          "sortino_ratio": 0.44612635745978907,
          "max_drawdown": -0.19208633093525146,