{
  "experiment": "campaign_v1",
  "seed": 46,
  "seed_label": "seed_0046",
  "universe": [
    "ASIANPAINT.NS",
    "AXISBANK.NS",
    "BHARTIARTL.NS",
    "HDFCBANK.NS",
    "HINDUNILVR.NS",
    "ICICIBANK.NS",
    "INFY.NS",
    "ITC.NS",
    "KOTAKBANK.NS",
    "LT.NS",
    "MARUTI.NS",
    "NTPC.NS",
    "POWERGRID.NS",
    "RELIANCE.NS",
    "SBIN.NS",
    "SUNPHARMA.NS",
    "TCS.NS",
    "TITAN.NS",
    "WIPRO.NS"
  ],
  "n_timesteps": 1111,
  "n_assets": 19,
  "config": {
    "ppo": {
      "learning_rate": 0.0003,
      "n_steps": 128,
      "batch_size": 32,
      "gamma": 0.99,
      "total_timesteps": 5000
    },
    "confidence": {
      "calibration_method": "platt",
      "historical_accuracy_weight": 0.4,
      "reward_stability_weight": 0.3,
      "prediction_consistency_weight": 0.3
    }
  },
  "folds": [
    {
      "fold_id": "01",
      "schedule": {
        "train": [
          0,
          504
        ],
        "val": [
          504,
          567
        ],
        "test": [
          567,
          693
        ]
      },
      "allocation": {
        "ASIANPAINT.NS": 0.106484536447252,
        "AXISBANK.NS": 0.02068903437362262,
        "BHARTIARTL.NS": 0.02068903437362262,
        "HDFCBANK.NS": 0.026898569151094932,
        "HINDUNILVR.NS": 0.08580485527790768,
        "ICICIBANK.NS": 0.14040028890409703,
        "INFY.NS": 0.04284092438702597,
        "ITC.NS": 3.397311198447976e-07,
        "KOTAKBANK.NS": 0.02068903437362262,
        "LT.NS": 0.04429063339992644,
        "MARUTI.NS": 0.0915995733116629,
        "NTPC.NS": 0.02068903437362262,
        "POWERGRID.NS": 0.02068903437362262,
        "RELIANCE.NS": 0.02068903437362262,
        "SBIN.NS": 0.038723608794929885,
        "SUNPHARMA.NS": 0.07788686311348338,
        "TCS.NS": 0.08780713058838065,
        "TITAN.NS": 0.08017385174782202,
        "WIPRO.NS": 0.05295461890356154
      },
      "fused_decision": {
        "final_allocation": {
          "ASIANPAINT.NS": 0.106484536447252,
          "AXISBANK.NS": 0.02068903437362262,
          "BHARTIARTL.NS": 0.02068903437362262,
          "HDFCBANK.NS": 0.026898569151094932,
          "HINDUNILVR.NS": 0.08580485527790768,
          "ICICIBANK.NS": 0.14040028890409703,
          "INFY.NS": 0.04284092438702597,
          "ITC.NS": 3.397311198447976e-07,
          "KOTAKBANK.NS": 0.02068903437362262,
          "LT.NS": 0.04429063339992644,
          "MARUTI.NS": 0.0915995733116629,
          "NTPC.NS": 0.02068903437362262,
          "POWERGRID.NS": 0.02068903437362262,
          "RELIANCE.NS": 0.02068903437362262,
          "SBIN.NS": 0.038723608794929885,
          "SUNPHARMA.NS": 0.07788686311348338,
          "TCS.NS": 0.08780713058838065,
          "TITAN.NS": 0.08017385174782202,
          "WIPRO.NS": 0.05295461890356154
        },
        "fallback_used": false
      },
      "financial_metrics": {
        "sharpe_ratio": 0.40078794807665735,
        "sortino_ratio": 0.6792969065392075,
        "max_drawdown": -0.12564423694178264,
        "volatility": 0.16952604519734282,
        "cumulative_return": 0.02698886805980938
      },
      "calibration_metrics": {
        "market_agent": {
          "ece": 0.19578410787507317,
          "brier_score": 0.038331416896438285
        },
        "risk_agent": {
          "ece": 0.3946925314601202,
          "brier_score": 0.15578219439039795
        },
        "allocation_agent": {
          "ece": 0.4675714765405967,
          "brier_score": 0.2186230856743538
        }
      },
      "fold_summary": "Fold 01: Sharpe=0.401, Sortino=0.679, Return=+2.70%",
      "baselines": {
        "equal_weight": {
          "sharpe_ratio": 0.29967781962918116,
          "sortino_ratio": 0.5025808950980861,
          "max_drawdown": -0.11456774784466396,
          "volatility": 0.15813533591695716,
          "cumulative_return": 0.017506590902857555
        },
        "buy_and_hold": {
          "sharpe_ratio": 0.28597926146368685,
          "sortino_ratio": 0.4797504432377643,
          "max_drawdown": -0.11502545050139495,
          "volatility": 0.15649049679841145,
          "cumulative_return": 0.016306095033839174
        },
        "static_mvo": {
          "sharpe_ratio": -2.599122958549031,
          "sortino_ratio": -3.3094587538273377,
          "max_drawdown": -0.3220673294445645,
          "volatility": 0.2846785850647457,
          "cumulative_return": -0.3214606253008847
        }
      }
    },
    {
      "fold_id": "02",
      "schedule": {
        "train": [
          126,
          630
        ],
        "val": [
          630,
          693
        ],
        "test": [
          693,
          819
        ]
      },
      "allocation": {
        "ASIANPAINT.NS": 0.09032292823111958,
        "AXISBANK.NS": 0.10914103648789915,
        "BHARTIARTL.NS": 0.041495236343990674,
        "HDFCBANK.NS": 0.02913465681810814,
        "HINDUNILVR.NS": 7.060928455506752e-08,
        "ICICIBANK.NS": 0.10717174022254763,
        "INFY.NS": 0.0412143161130754,
        "ITC.NS": 0.04435984623660459,
        "KOTAKBANK.NS": 0.0911170040793301,
        "LT.NS": 0.0344920177722385,
        "MARUTI.NS": 0.025733166165547626,
        "NTPC.NS": 0.040501311571831074,
        "POWERGRID.NS": 0.09402543348115473,
        "RELIANCE.NS": 0.06458982181456531,
        "SBIN.NS": 0.04982142348445491,
        "SUNPHARMA.NS": 2.1185194529734247e-07,
        "TCS.NS": 0.028906277683857368,
        "TITAN.NS": 0.051460389685489355,
        "WIPRO.NS": 0.05651311134695602
      },
      "fused_decision": {
        "final_allocation": {
          "ASIANPAINT.NS": 0.09032292823111958,
          "AXISBANK.NS": 0.10914103648789915,
          "BHARTIARTL.NS": 0.041495236343990674,
          "HDFCBANK.NS": 0.02913465681810814,
          "HINDUNILVR.NS": 7.060928455506752e-08,
          "ICICIBANK.NS": 0.10717174022254763,
          "INFY.NS": 0.0412143161130754,
          "ITC.NS": 0.04435984623660459,
          "KOTAKBANK.NS": 0.0911170040793301,
          "LT.NS": 0.0344920177722385,
          "MARUTI.NS": 0.025733166165547626,
          "NTPC.NS": 0.040501311571831074,
          "POWERGRID.NS": 0.09402543348115473,
          "RELIANCE.NS": 0.06458982181456531,
          "SBIN.NS": 0.04982142348445491,
          "SUNPHARMA.NS": 2.1185194529734247e-07,
          "TCS.NS": 0.028906277683857368,
          "TITAN.NS": 0.051460389685489355,
          "WIPRO.NS": 0.05651311134695602
        },
        "fallback_used": false
      },
      "financial_metrics": {
        "sharpe_ratio": 0.7031370252005387,
        "sortino_ratio": 1.1174813843592366,
        "max_drawdown": -0.07735669076738107,
        "volatility": 0.10170090318905749,
        "cumulative_return": 0.03346848626109167
      },
      "calibration_metrics": {
        "market_agent": {
          "ece": 0.12420702454765242,
          "brier_score": 0.015427384946981131
        },
        "risk_agent": {
          "ece": 0.46068021852358443,
          "brier_score": 0.2122262637389375
        },
        "allocation_agent": {
          "ece": 0.46965196803627285,
          "brier_score": 0.22057297108034427
        }
      },
      "fold_summary": "Fold 02: Sharpe=0.703, Sortino=1.117, Return=+3.35%",
      "baselines": {
        "equal_weight": {
          "sharpe_ratio": 0.7525745817109549,
          "sortino_ratio": 1.2678047531948458,
          "max_drawdown": -0.07002985232255285,
          "volatility": 0.09539288175334046,
          "cumulative_return": 0.033930590134533034
        },
        "buy_and_hold": {
          "sharpe_ratio": 0.6872125037138183,
          "sortino_ratio": 1.1605124561199893,
          "max_drawdown": -0.07212990759358527,
          "volatility": 0.09547344171754485,
          "cumulative_return": 0.030762918368419268
        },
        "static_mvo": {
          "sharpe_ratio": 0.3218904504112529,
          "sortino_ratio": 0.4461267062281131,
          "max_drawdown": -0.19208624607753755,