{
  "experiment": "campaign_v1",
  "seed": 45,
  "seed_label": "seed_0045",
  "universe": [
    "ASIANPAINT.NS",
    "AXISBANK.NS",
    "BHARTIARTL.NS",
    "HDFCBANK.NS",
    "HINDUNILVR.NS",
    "ICICIBANK.NS",
    "INFY.NS",
    "ITC.NS",
    "KOTAKBANK.NS",
    "LT.NS",
    "MARUTI.NS",
    "NTPC.NS",
    "POWERGRID.NS",
    "RELIANCE.NS",
    "SBIN.NS",
    "SUNPHARMA.NS",
    "TCS.NS",
    "TITAN.NS",
    "WIPRO.NS"
  ],
  "n_timesteps": 1111,
  "n_assets": 19,
  "config": {
    "ppo": {
      "learning_rate": 0.0003,
      "n_steps": 128,
      "batch_size": 32,
      "gamma": 0.99,
      "total_timesteps": 5000
    },
    "confidence": {
      "calibration_method": "platt",
      "historical_accuracy_weight": 0.4,
      "reward_stability_weight": 0.3,
      "prediction_consistency_weight": 0.3
    }
  },
  "folds": [
    {
      "fold_id": "01",
      "schedule": {
        "train": [
          0,
          504
        ],
        "val": [
          504,
          567
        ],
        "test": [
          567,
          693
        ]
      },
      "allocation": {
        "ASIANPAINT.NS": 0.09426872448871505,
        "AXISBANK.NS": 0.11206694386263835,
        "BHARTIARTL.NS": 0.0202504988108463,
        "HDFCBANK.NS": 0.0202504988108463,
        "HINDUNILVR.NS": 0.0202504988108463,
        "ICICIBANK.NS": 0.0774153660738018,
        "INFY.NS": 0.057170561836766574,
        "ITC.NS": 0.0202504988108463,
        "KOTAKBANK.NS": 2.830338919571622e-07,
        "LT.NS": 0.0202504988108463,
        "MARUTI.NS": 0.03335697077024357,
        "NTPC.NS": 0.0774153660738018,
        "POWERGRID.NS": 0.08419707950980149,
        "RELIANCE.NS": 0.032836584856823926,
        "SBIN.NS": 0.06997053780269051,
        "SUNPHARMA.NS": 0.02033912115644503,
        "TCS.NS": 0.0774153660738018,
        "TITAN.NS": 0.11442941722071827,
        "WIPRO.NS": 0.04786518318562839
      },
      "fused_decision": {
        "final_allocation": {
          "ASIANPAINT.NS": 0.09426872448871505,
          "AXISBANK.NS": 0.11206694386263835,
          "BHARTIARTL.NS": 0.0202504988108463,
          "HDFCBANK.NS": 0.0202504988108463,
          "HINDUNILVR.NS": 0.0202504988108463,
          "ICICIBANK.NS": 0.0774153660738018,
          "INFY.NS": 0.057170561836766574,
          "ITC.NS": 0.0202504988108463,
          "KOTAKBANK.NS": 2.830338919571622e-07,
          "LT.NS": 0.0202504988108463,
          "MARUTI.NS": 0.03335697077024357,
          "NTPC.NS": 0.0774153660738018,
          "POWERGRID.NS": 0.08419707950980149,
          "RELIANCE.NS": 0.032836584856823926,
          "SBIN.NS": 0.06997053780269051,
          "SUNPHARMA.NS": 0.02033912115644503,
          "TCS.NS": 0.0774153660738018,
          "TITAN.NS": 0.11442941722071827,
          "WIPRO.NS": 0.04786518318562839
        },
        "fallback_used": false
      },
      "financial_metrics": {
        "sharpe_ratio": 0.1229258388664835,
        "sortino_ratio": 0.20379143687084394,
        "max_drawdown": -0.1421615304320925,
        "volatility": 0.1680508076203114,
        "cumulative_return": 0.003302205720085327
      },
      "calibration_metrics": {
        "market_agent": {
          "ece": 0.08419586759453968,
          "brier_score": 0.007088944119997256
        },
        "risk_agent": {
          "ece": 0.37134808797726815,
          "brier_score": 0.13789940244437288
        },
        "allocation_agent": {
          "ece": 0.5101361301572404,
          "brier_score": 0.2602388712918049
        }
      },
      "fold_summary": "Fold 01: Sharpe=0.123, Sortino=0.204, Return=+0.33%",
      "baselines": {
        "equal_weight": {
          "sharpe_ratio": 0.29967781962918116,
          "sortino_ratio": 0.5025808950980861,
          "max_drawdown": -0.11456774784466396,
          "volatility": 0.15813533591695716,
          "cumulative_return": 0.017506590902857555
        },
        "buy_and_hold": {
          "sharpe_ratio": 0.28597926146368685,
          "sortino_ratio": 0.4797504432377643,
          "max_drawdown": -0.11502545050139495,
          "volatility": 0.15649049679841145,
          "cumulative_return": 0.016306095033839174
        },
        "static_mvo": {
          "sharpe_ratio": -2.599122958549031,
          "sortino_ratio": -3.3094587538273377,
          "max_drawdown": -0.3220673294445645,
          "volatility": 0.2846785850647457,
          "cumulative_return": -0.3214606253008847
        }
      }
    },
    {
      "fold_id": "02",
      "schedule": {
        "train": [
          126,
          630
        ],
        "val": [
          630,
          693
        ],
        "test": [
          693,
          819
        ]
      },
      "allocation": {
        "ASIANPAINT.NS": 0.10864633044259028,
        "AXISBANK.NS": 8.498935009263411e-08,
        "BHARTIARTL.NS": 0.02432410679608768,
        "HDFCBANK.NS": 0.02432410679608768,
        "HINDUNILVR.NS": 0.02469976410934257,
        "ICICIBANK.NS": 0.00950761431928137,
        "INFY.NS": 0.04794874278549797,
        "ITC.NS": 0.07307138513400047,
        "KOTAKBANK.NS": 0.1014014737885897,
        "LT.NS": 0.08119349912973627,
        "MARUTI.NS": 0.09953153545924244,
        "NTPC.NS": 0.10377936435384612,
        "POWERGRID.NS": 0.02432410679608768,
        "RELIANCE.NS": 3.242115763873059e-07,
        "SBIN.NS": 0.02432410679608768,
        "SUNPHARMA.NS": 0.0676886618225516,
        "TCS.NS": 0.0977280918156784,
        "TITAN.NS": 8.78778040999654e-08,
        "WIPRO.NS": 0.0875066125765615
      },
      "fused_decision": {
        "final_allocation": {
          "ASIANPAINT.NS": 0.10864633044259028,
          "AXISBANK.NS": 8.498935009263411e-08,
          "BHARTIARTL.NS": 0.02432410679608768,
          "HDFCBANK.NS": 0.02432410679608768,
          "HINDUNILVR.NS": 0.02469976410934257,
          "ICICIBANK.NS": 0.00950761431928137,
          "INFY.NS": 0.04794874278549797,
          "ITC.NS": 0.07307138513400047,
          "KOTAKBANK.NS": 0.1014014737885897,
          "LT.NS": 0.08119349912973627,
          "MARUTI.NS": 0.09953153545924244,
          "NTPC.NS": 0.10377936435384612,
          "POWERGRID.NS": 0.02432410679608768,
          "RELIANCE.NS": 3.242115763873059e-07,
          "SBIN.NS": 0.02432410679608768,
          "SUNPHARMA.NS": 0.0676886618225516,
          "TCS.NS": 0.0977280918156784,
          "TITAN.NS": 8.78778040999654e-08,
          "WIPRO.NS": 0.0875066125765615
        },
        "fallback_used": false
      },
      "financial_metrics": {
        "sharpe_ratio": 0.6062067621547944,
        "sortino_ratio": 1.1174657441584246,
        "max_drawdown": -0.06159800052917206,
        "volatility": 0.09391469604491495,
        "cumulative_return": 0.026410280600693392
      },
      "calibration_metrics": {
        "market_agent": {
          "ece": 0.14736269679451264,
          "brier_score": 0.021715764406551465
        },
        "risk_agent": {
          "ece": 0.3523363009702153,
          "brier_score": 0.12414086898137414
        },
        "allocation_agent": {
          "ece": 0.5007892092655357,
          "brier_score": 0.2507898321168005
        }
      },
      "fold_summary": "Fold 02: Sharpe=0.606, Sortino=1.117, Return=+2.64%",
      "baselines": {
        "equal_weight": {
          "sharpe_ratio": 0.7525745817109549,
          "sortino_ratio": 1.2678047531948458,
          "max_drawdown": -0.07002985232255285,
          "volatility": 0.09539288175334046,
          "cumulative_return": 0.033930590134533034
        },
        "buy_and_hold": {
          "sharpe_ratio": 0.6872125037138183,
          "sortino_ratio": 1.1605124561199893,
          "max_drawdown": -0.07212990759358527,
          "volatility": 0.09547344171754485,
          "cumulative_return": 0.030762918368419268
        },
        "static_mvo": {
          "sharpe_ratio": 0.3218904504112529,
          "sortino_ratio": 0.4461267062281131,
          "max_drawdown": -0.19208624607753755,
          "volatility": 0.2509513508791964,