{
  "experiment": "campaign_v1",
  "seed": 43,
  "seed_label": "seed_0043",
  "universe": [
    "ASIANPAINT.NS",
    "AXISBANK.NS",
    "BHARTIARTL.NS",
    "HDFCBANK.NS",
    "HINDUNILVR.NS",
    "ICICIBANK.NS",
    "INFY.NS",
    "ITC.NS",
    "KOTAKBANK.NS",
    "LT.NS",
    "MARUTI.NS",
    "NTPC.NS",
    "POWERGRID.NS",
    "RELIANCE.NS",
    "SBIN.NS",
    "SUNPHARMA.NS",
    "TCS.NS",
    "TITAN.NS",
    "WIPRO.NS"
  ],
  "n_timesteps": 1111,
  "n_assets": 19,
  "config": {
    "ppo": {
      "learning_rate": 0.0003,
      "n_steps": 128,
      "batch_size": 32,
      "gamma": 0.99,
      "total_timesteps": 5000
    },
    "confidence": {
      "calibration_method": "platt",
      "historical_accuracy_weight": 0.4,
      "reward_stability_weight": 0.3,
      "prediction_consistency_weight": 0.3
    }
  },
  "folds": [
    {
      "fold_id": "01",
      "schedule": {
        "train": [
          0,
          504
        ],
        "val": [
          504,
          567
        ],
        "test": [
          567,
          693
        ]
      },
      "allocation": {
        "ASIANPAINT.NS": 0.08130977143743105,
        "AXISBANK.NS": 0.06811306281571215,
        "BHARTIARTL.NS": 0.04515347361913596,
        "HDFCBANK.NS": 0.07833559516170976,
        "HINDUNILVR.NS": 0.029325801189999553,
        "ICICIBANK.NS": 0.08495082729640334,
        "INFY.NS": 0.08370852300969968,
        "ITC.NS": 0.02703996925301661,
        "KOTAKBANK.NS": 0.02115563114250588,
        "LT.NS": 0.03321612248177573,
        "MARUTI.NS": 0.06548212545598714,
        "NTPC.NS": 0.008074974066894202,
        "POWERGRID.NS": 0.07041093624621066,
        "RELIANCE.NS": 0.03548732824619217,
        "SBIN.NS": 0.03773191949421625,
        "SUNPHARMA.NS": 0.07870289155998353,
        "TCS.NS": 0.04942396828376971,
        "TITAN.NS": 0.017918821905562234,
        "WIPRO.NS": 0.08445825733379435
      },
      "fused_decision": {
        "final_allocation": {
          "ASIANPAINT.NS": 0.08130977143743105,
          "AXISBANK.NS": 0.06811306281571215,
          "BHARTIARTL.NS": 0.04515347361913596,
          "HDFCBANK.NS": 0.07833559516170976,
          "HINDUNILVR.NS": 0.029325801189999553,
          "ICICIBANK.NS": 0.08495082729640334,
          "INFY.NS": 0.08370852300969968,
          "ITC.NS": 0.02703996925301661,
          "KOTAKBANK.NS": 0.02115563114250588,
          "LT.NS": 0.03321612248177573,
          "MARUTI.NS": 0.06548212545598714,
          "NTPC.NS": 0.008074974066894202,
          "POWERGRID.NS": 0.07041093624621066,
          "RELIANCE.NS": 0.03548732824619217,
          "SBIN.NS": 0.03773191949421625,
          "SUNPHARMA.NS": 0.07870289155998353,
          "TCS.NS": 0.04942396828376971,
          "TITAN.NS": 0.017918821905562234,
          "WIPRO.NS": 0.08445825733379435
        },
        "fallback_used": false
      },
      "financial_metrics": {
        "sharpe_ratio": -0.08846220779212463,
        "sortino_ratio": -0.14741127957369854,
        "max_drawdown": -0.12783779427188566,
        "volatility": 0.16185370786874567,
        "cumulative_return": -0.013457141999146272
      },
      "calibration_metrics": {
        "market_agent": {
          "ece": 0.1768324290313592,
          "brier_score": 0.03126970795713069
        },
        "risk_agent": {
          "ece": 0.3528872827666911,
          "brier_score": 0.12452943433845862
        },
        "allocation_agent": {
          "ece": 0.4399145917944236,
          "brier_score": 0.19352484807365436
        }
      },
      "fold_summary": "Fold 01: Sharpe=-0.088, Sortino=-0.147, Return=-1.35%",
      "baselines": {
        "equal_weight": {
          "sharpe_ratio": 0.29967781962918116,
          "sortino_ratio": 0.5025808950980861,
          "max_drawdown": -0.11456774784466396,
          "volatility": 0.15813533591695716,
          "cumulative_return": 0.017506590902857555
        },
        "buy_and_hold": {
          "sharpe_ratio": 0.28597926146368685,
          "sortino_ratio": 0.4797504432377643,
          "max_drawdown": -0.11502545050139495,
          "volatility": 0.15649049679841145,
          "cumulative_return": 0.016306095033839174
        },
        "static_mvo": {
          "sharpe_ratio": -2.599122958549031,
          "sortino_ratio": -3.3094587538273377,
          "max_drawdown": -0.3220673294445645,
          "volatility": 0.2846785850647457,
          "cumulative_return": -0.3214606253008847
        }
      }
    },
    {
      "fold_id": "02",
      "schedule": {
        "train": [
          126,
          630
        ],
        "val": [
          630,
          693
        ],
        "test": [
          693,
          819
        ]
      },
      "allocation": {
        "ASIANPAINT.NS": 0.003950918593684504,
        "AXISBANK.NS": 0.08559582132181238,
        "BHARTIARTL.NS": 0.01884157492087415,
        "HDFCBANK.NS": 0.05334821235928156,
        "HINDUNILVR.NS": 0.07431992780464267,
        "ICICIBANK.NS": 0.0695782970470073,
        "INFY.NS": 0.01884157492087415,
        "ITC.NS": 0.08969001783213887,
        "KOTAKBANK.NS": 0.044659652970738754,
        "LT.NS": 0.06672793880214065,
        "MARUTI.NS": 0.07431992780464267,
        "NTPC.NS": 0.029604099451007122,
        "POWERGRID.NS": 0.04888590110064326,
        "RELIANCE.NS": 0.05547848105675881,
        "SBIN.NS": 0.1052776834748798,
        "SUNPHARMA.NS": 0.01884157492087415,
        "TCS.NS": 0.10368421752971234,
        "TITAN.NS": 0.019512603167412726,
        "WIPRO.NS": 0.01884157492087415
      },
      "fused_decision": {
        "final_allocation": {
          "ASIANPAINT.NS": 0.003950918593684504,
          "AXISBANK.NS": 0.08559582132181238,
          "BHARTIARTL.NS": 0.01884157492087415,
          "HDFCBANK.NS": 0.05334821235928156,
          "HINDUNILVR.NS": 0.07431992780464267,
          "ICICIBANK.NS": 0.0695782970470073,
          "INFY.NS": 0.01884157492087415,
          "ITC.NS": 0.08969001783213887,
          "KOTAKBANK.NS": 0.044659652970738754,
          "LT.NS": 0.06672793880214065,
          "MARUTI.NS": 0.07431992780464267,
          "NTPC.NS": 0.029604099451007122,
          "POWERGRID.NS": 0.04888590110064326,
          "RELIANCE.NS": 0.05547848105675881,
          "SBIN.NS": 0.1052776834748798,
          "SUNPHARMA.NS": 0.01884157492087415,
          "TCS.NS": 0.10368421752971234,
          "TITAN.NS": 0.019512603167412726,
          "WIPRO.NS": 0.01884157492087415
        },
        "fallback_used": false
      },
      "financial_metrics": {
        "sharpe_ratio": 1.2303076597898206,
        "sortino_ratio": 1.9554236757276693,
        "max_drawdown": -0.06215441768771673,
        "volatility": 0.10247645137228453,
        "cumulative_return": 0.06177384940789721
      },
      "calibration_metrics": {
        "market_agent": {
          "ece": 0.06841368055722152,
          "brier_score": 0.00468043168738555
        },
        "risk_agent": {
          "ece": 0.42440934741989356,
          "brier_score": 0.1801232941773799
        },
        "allocation_agent": {
          "ece": 0.4619133879335353,
          "brier_score": 0.2133639779522367
        }
      },
      "fold_summary": "Fold 02: Sharpe=1.230, Sortino=1.955, Return=+6.18%",
      "baselines": {
        "equal_weight": {
          "sharpe_ratio": 0.7525745817109549,
          "sortino_ratio": 1.2678047531948458,
          "max_drawdown": -0.07002985232255285,
          "volatility": 0.09539288175334046,
          "cumulative_return": 0.033930590134533034
        },
        "buy_and_hold": {
          "sharpe_ratio": 0.6872125037138183,
          "sortino_ratio": 1.1605124561199893,
          "max_drawdown": -0.07212990759358527,
          "volatility": 0.09547344171754485,
          "cumulative_return": 0.030762918368419268
        },
        "static_mvo": {
          "sharpe_ratio": 0.3218904504112529,
          "sortino_ratio": 0.4461267062281131,
          "max_drawdown": -0.19208624607753755,