{
  "experiment": "campaign_v1",
  "seed": 44,
  "seed_label": "seed_0044",
  "universe": [
    "ASIANPAINT.NS",
    "AXISBANK.NS",
    "BHARTIARTL.NS",
    "HDFCBANK.NS",
    "HINDUNILVR.NS",
    "ICICIBANK.NS",
    "INFY.NS",
    "ITC.NS",
    "KOTAKBANK.NS",
    "LT.NS",
    "MARUTI.NS",
    "NTPC.NS",
    "POWERGRID.NS",
    "RELIANCE.NS",
    "SBIN.NS",
    "SUNPHARMA.NS",
    "TCS.NS",
    "TITAN.NS",
    "WIPRO.NS"
  ],
  "n_timesteps": 1111,
  "n_assets": 19,
  "config": {
    "ppo": {
      "learning_rate": 0.0003,
      "n_steps": 128,
      "batch_size": 32,
      "gamma": 0.99,
      "total_timesteps": 5000
    },
    "confidence": {
      "calibration_method": "platt",
      "historical_accuracy_weight": 0.4,
      "reward_stability_weight": 0.3,
      "prediction_consistency_weight": 0.3
    }
  },
  "folds": [
    {
      "fold_id": "01",
      "schedule": {
        "train": [
          0,
          504
        ],
        "val": [
          504,
          567
        ],
        "test": [
          567,
          693
        ]
      },
      "allocation": {
        "ASIANPAINT.NS": 0.03960405344425662,
        "AXISBANK.NS": 9.678227355497373e-08,
        "BHARTIARTL.NS": 0.02277548276717495,
        "HDFCBANK.NS": 0.02277548276717495,
        "HINDUNILVR.NS": 0.06599717239938217,
        "ICICIBANK.NS": 0.0875607734798609,
        "INFY.NS": 0.13822365380959936,
        "ITC.NS": 0.037931519856380456,
        "KOTAKBANK.NS": 0.044378181519211406,
        "LT.NS": 0.08738146115245898,
        "MARUTI.NS": 0.06936627650029042,
        "NTPC.NS": 0.07860400687628946,
        "POWERGRID.NS": 9.017824559030333e-08,
        "RELIANCE.NS": 0.02277548276717495,
        "SBIN.NS": 0.02277548276717495,
        "SUNPHARMA.NS": 0.06732322701096763,
        "TCS.NS": 0.08168142626490005,
        "TITAN.NS": 0.04920275985797479,
        "WIPRO.NS": 0.061643369799208814
      },
      "fused_decision": {
        "final_allocation": {
          "ASIANPAINT.NS": 0.03960405344425662,
          "AXISBANK.NS": 9.678227355497373e-08,
          "BHARTIARTL.NS": 0.02277548276717495,
          "HDFCBANK.NS": 0.02277548276717495,
          "HINDUNILVR.NS": 0.06599717239938217,
          "ICICIBANK.NS": 0.0875607734798609,
          "INFY.NS": 0.13822365380959936,
          "ITC.NS": 0.037931519856380456,
          "KOTAKBANK.NS": 0.044378181519211406,
          "LT.NS": 0.08738146115245898,
          "MARUTI.NS": 0.06936627650029042,
          "NTPC.NS": 0.07860400687628946,
          "POWERGRID.NS": 9.017824559030333e-08,
          "RELIANCE.NS": 0.02277548276717495,
          "SBIN.NS": 0.02277548276717495,
          "SUNPHARMA.NS": 0.06732322701096763,
          "TCS.NS": 0.08168142626490005,
          "TITAN.NS": 0.04920275985797479,
          "WIPRO.NS": 0.061643369799208814
        },
        "fallback_used": false
      },
      "financial_metrics": {
        "sharpe_ratio": 0.18248224002847918,
        "sortino_ratio": 0.296484977929978,
        "max_drawdown": -0.12211473071117565,
        "volatility": 0.17042723702792867,
        "cumulative_return": 0.008313007780494708
      },
      "calibration_metrics": {
        "market_agent": {
          "ece": 0.10735356646512395,
          "brier_score": 0.011524788232781786
        },
        "risk_agent": {
          "ece": 0.2795474736464796,
          "brier_score": 0.0781467900221292
        },
        "allocation_agent": {
          "ece": 0.4845672290698736,
          "brier_score": 0.23480539948845536
        }
      },
      "fold_summary": "Fold 01: Sharpe=0.182, Sortino=0.296, Return=+0.83%",
      "baselines": {
        "equal_weight": {
          "sharpe_ratio": 0.29967781962918116,
          "sortino_ratio": 0.5025808950980861,
          "max_drawdown": -0.11456774784466396,
          "volatility": 0.15813533591695716,
          "cumulative_return": 0.017506590902857555
        },
        "buy_and_hold": {
          "sharpe_ratio": 0.28597926146368685,
          "sortino_ratio": 0.4797504432377643,
          "max_drawdown": -0.11502545050139495,
          "volatility": 0.15649049679841145,
          "cumulative_return": 0.016306095033839174
        },
        "static_mvo": {
          "sharpe_ratio": -2.599122958549031,
          "sortino_ratio": -3.3094587538273377,
          "max_drawdown": -0.3220673294445645,
          "volatility": 0.2846785850647457,
          "cumulative_return": -0.3214606253008847
        }
      }
    },
    {
      "fold_id": "02",
      "schedule": {
        "train": [
          126,
          630
        ],
        "val": [
          630,
          693
        ],
        "test": [
          693,
          819
        ]
      },
      "allocation": {
        "ASIANPAINT.NS": 0.10918973554376221,
        "AXISBANK.NS": 0.06846313660729404,
        "BHARTIARTL.NS": 0.06701630395852472,
        "HDFCBANK.NS": 0.046902337581514575,
        "HINDUNILVR.NS": 0.02267455038780849,
        "ICICIBANK.NS": 0.04188187108833616,
        "INFY.NS": 0.02011402916558698,
        "ITC.NS": 7.722417175395872e-08,
        "KOTAKBANK.NS": 0.0759943501198939,
        "LT.NS": 0.06701630395852472,
        "MARUTI.NS": 0.10483143641221948,
        "NTPC.NS": 0.03965045182155746,
        "POWERGRID.NS": 0.08245204686991568,
        "RELIANCE.NS": 0.03577060762936527,
        "SBIN.NS": 0.02011402916558698,
        "SUNPHARMA.NS": 0.038969037729683416,
        "TCS.NS": 0.09194325526995813,
        "TITAN.NS": 0.06701630395852472,
        "WIPRO.NS": 1.355077713490068e-07
      },
      "fused_decision": {
        "final_allocation": {
          "ASIANPAINT.NS": 0.10918973554376221,
          "AXISBANK.NS": 0.06846313660729404,
          "BHARTIARTL.NS": 0.06701630395852472,
          "HDFCBANK.NS": 0.046902337581514575,
          "HINDUNILVR.NS": 0.02267455038780849,
          "ICICIBANK.NS": 0.04188187108833616,
          "INFY.NS": 0.02011402916558698,
          "ITC.NS": 7.722417175395872e-08,
          "KOTAKBANK.NS": 0.0759943501198939,
          "LT.NS": 0.06701630395852472,
          "MARUTI.NS": 0.10483143641221948,
          "NTPC.NS": 0.03965045182155746,
          "POWERGRID.NS": 0.08245204686991568,
          "RELIANCE.NS": 0.03577060762936527,
          "SBIN.NS": 0.02011402916558698,
          "SUNPHARMA.NS": 0.038969037729683416,
          "TCS.NS": 0.09194325526995813,
          "TITAN.NS": 0.06701630395852472,
          "WIPRO.NS": 1.355077713490068e-07
        },
        "fallback_used": false
      },
      "financial_metrics": {
        "sharpe_ratio": 0.6878919140606108,
        "sortino_ratio": 1.1115061855921404,
        "max_drawdown": -0.0717642773175953,
        "volatility": 0.09372993854156393,
        "cumulative_return": 0.03026639375026252
      },
      "calibration_metrics": {
        "market_agent": {
          "ece": 0.1568367610893392,
          "brier_score": 0.02459776962899446
        },
        "risk_agent": {
          "ece": 0.20353357144874884,
          "brier_score": 0.04142591470668295
        },
        "allocation_agent": {
          "ece": 0.44841191388626744,
          "brier_score": 0.20107324451514533
        }
      },
      "fold_summary": "Fold 02: Sharpe=0.688, Sortino=1.112, Return=+3.03%",
      "baselines": {
        "equal_weight": {
          "sharpe_ratio": 0.7525745817109549,
          "sortino_ratio": 1.2678047531948458,
          "max_drawdown": -0.07002985232255285,
          "volatility": 0.09539288175334046,
          "cumulative_return": 0.033930590134533034
        },
        "buy_and_hold": {
          "sharpe_ratio": 0.6872125037138183,
          "sortino_ratio": 1.1605124561199893,
          "max_drawdown": -0.07212990759358527,
          "volatility": 0.09547344171754485,
          "cumulative_return": 0.030762918368419268
        },
        "static_mvo": {
          "sharpe_ratio": 0.3218904504112529,
          "sortino_ratio": 0.4461267062281131,
          "max_drawdown": -0.19208624607753755,