{
  "campaign_v1": {
    "financial_metrics": {
      "sharpe_ratio": 1.9392187538057233,
      "sortino_ratio": 2.482333536448739,
      "max_drawdown": -0.05990219647148572,
      "volatility": 0.12184810688477249,
      "cumulative_return": 0.22328354513049464
    }
  },
  "equal_weight_fusion": {
    "financial_metrics": {
      "sharpe_ratio": 1.9509502999752562,
      "sortino_ratio": 2.4596581834137536,
      "max_drawdown": -0.059821510808462375,
      "volatility": 0.12331700289503313,
      "cumulative_return": 0.2277175735538015
    },
    "calibration_metrics": {},
    "allocation": {
      "ASIANPAINT.NS": 0.06995534379061201,
      "AXISBANK.NS": 0.09660643946409203,
      "BHARTIARTL.NS": 0.06249997054318449,
      "HDFCBANK.NS": 0.08738886649066609,
      "HINDUNILVR.NS": 0.06259888205423703,
      "ICICIBANK.NS": 0.06652756635279729,
      "INFY.NS": 0.037982089266346955,
      "ITC.NS": 0.10190066537996136,
      "KOTAKBANK.NS": 0.020833303876517825,
      "LT.NS": 0.04557229280653006,
      "MARUTI.NS": 0.020833303876517825,
      "NTPC.NS": 0.022429251902399083,
      "POWERGRID.NS": 0.020833303876517825,
      "RELIANCE.NS": 0.026796122196953293,
      "SBIN.NS": 0.07864685047664487,
      "SUNPHARMA.NS": 0.09526236895008636,
      "TCS.NS": 1.0427623341090692e-07,
      "TITAN.NS": 0.020833303876517825,
      "WIPRO.NS": 0.06249997054318449
    },
    "fallback_used": false
  },
  "no_calibration": {
    "financial_metrics": {
      "sharpe_ratio": 1.9392187538057233,
      "sortino_ratio": 2.482333536448739,
      "max_drawdown": -0.05990219647148572,
      "volatility": 0.12184810688477249,
      "cumulative_return": 0.22328354513049464
    },
    "calibration_metrics": {},
    "allocation": {
      "ASIANPAINT.NS": 0.07390710407308078,
      "AXISBANK.NS": 0.09769103439865129,
      "BHARTIARTL.NS": 0.06725379120218129,
      "HDFCBANK.NS": 0.08946510192455133,
      "HINDUNILVR.NS": 0.06734206166265662,
      "ICICIBANK.NS": 0.061340451586916825,
      "INFY.NS": 0.0358659402778044,
      "ITC.NS": 0.10241569945008343,
      "KOTAKBANK.NS": 0.020562047264290645,
      "LT.NS": 0.04066956273460143,
      "MARUTI.NS": 0.020562047264290645,
      "NTPC.NS": 0.02001630722679106,
      "POWERGRID.NS": 0.020562047264290645,
      "RELIANCE.NS": 0.025883376534005964,
      "SBIN.NS": 0.0721559247190106,
      "SUNPHARMA.NS": 0.09649156103179926,
      "TCS.NS": 1.0291852183628072e-07,
      "TITAN.NS": 0.020562047264290645,
      "WIPRO.NS": 0.06725379120218129
    },
    "fallback_used": false
  },
  "shuffled_confidence": {
    "financial_metrics": {
      "sharpe_ratio": 1.9521094516400077,
      "sortino_ratio": 2.4872441214262766,
      "max_drawdown": -0.059784297759913285,
      "volatility": 0.12227679317774807,
      "cumulative_return": 0.2258200968439592
    },
    "calibration_metrics": {},
    "allocation": {
      "ASIANPAINT.NS": 0.07112330450561978,
      "AXISBANK.NS": 0.09490723483119028,
      "BHARTIARTL.NS": 0.06446999163472028,
      "HDFCBANK.NS": 0.08668130235709032,
      "HINDUNILVR.NS": 0.06455826209519562,
      "ICICIBANK.NS": 0.0641242432822094,
      "INFY.NS": 0.038649731973096985,
      "ITC.NS": 0.09963189988262243,
      "KOTAKBANK.NS": 0.023345838959583233,
      "LT.NS": 0.040669571777466315,
      "MARUTI.NS": 0.023345838959583233,
      "NTPC.NS": 0.020016347227654795,
      "POWERGRID.NS": 0.023345838959583233,
      "RELIANCE.NS": 0.028667168229298556,
      "SBIN.NS": 0.07493971641430319,
      "SUNPHARMA.NS": 0.09370776146433825,
      "TCS.NS": 1.1685214054151477e-07,
      "TITAN.NS": 0.023345838959583233,
      "WIPRO.NS": 0.06446999163472028
    },
    "fallback_used": false
  },
  "drop_market_agent": {
    "financial_metrics": {
      "sharpe_ratio": 2.010019812334097,
      "sortino_ratio": 2.3402341095051313,
      "max_drawdown": -0.061033575282064025,
      "volatility": 0.13282335581879193,
      "cumulative_return": 0.2551881185136924
    },
    "calibration_metrics": {},
    "allocation": {
      "ASIANPAINT.NS": 0.04344267370991599,
      "AXISBANK.NS": 0.08140790803129223,
      "BHARTIARTL.NS": 0.0328222851240329,
      "HDFCBANK.NS": 0.06827721644180061,
      "HINDUNILVR.NS": 0.032963187349599826,
      "ICICIBANK.NS": 0.09791504541083335,
      "INFY.NS": 0.05725121156024359,
      "ITC.NS": 0.08894968154442735,
      "KOTAKBANK.NS": 0.0328222851240329,
      "LT.NS": 0.0649190212816526,
      "MARUTI.NS": 0.0328222851240329,
      "NTPC.NS": 0.03195114447912641,
      "POWERGRID.NS": 0.0328222851240329,
      "RELIANCE.NS": 0.04131648729585557,
      "SBIN.NS": 0.11517930603284808,
      "SUNPHARMA.NS": 0.07949324183393003,
      "TCS.NS": 1.6428427699030228e-07,
      "TITAN.NS": 0.0328222851240329,
      "WIPRO.NS": 0.0328222851240329
    },
    "fallback_used": false
  },
  "drop_risk_agent": {
    "financial_metrics": {
      "sharpe_ratio": 1.8809060853080886,
      "sortino_ratio": 2.35977998650559,
      "max_drawdown": -0.060494290926251006,
      "volatility": 0.12495163861995542,
      "cumulative_return": 0.2215040580039227
    },
    "calibration_metrics": {},
    "allocation": {
      "ASIANPAINT.NS": 0.0795000266914998,
      "AXISBANK.NS": 0.11494516835643584,
      "BHARTIARTL.NS": 0.06958460842286182,
      "HDFCBANK.NS": 0.10268607837931797,
      "HINDUNILVR.NS": 0.06971615770565691,
      "ICICIBANK.NS": 0.06077197075083737,
      "INFY.NS": 0.022807359778792495,
      "ITC.NS": 0.12198632680985338,
      "KOTAKBANK.NS": 0.0,
      "LT.NS": 0.06060966481709327,
      "MARUTI.NS": 0.0,
      "NTPC.NS": 0.029829820509988916,
      "POWERGRID.NS": 0.0,
      "RELIANCE.NS": 0.007930365891126357,
      "SBIN.NS": 0.07689024775941995,
      "SUNPHARMA.NS": 0.11315759570425399,
      "TCS.NS": 0.0,
      "TITAN.NS": 0.0,
      "WIPRO.NS": 0.06958460842286182
    },
    "fallback_used": false
  },
  "drop_allocation_agent": {
    "financial_metrics": {
      "sharpe_ratio": 1.8423278668811773,
      "sortino_ratio": 2.623061494963938,
      "max_drawdown": -0.06012554547716821,
      "volatility": 0.114060103830718,
      "cumulative_return": 0.19643322847992262
    },
    "calibration_metrics": {},
    "allocation": {
      "ASIANPAINT.NS": 0.09573123118377981,
      "AXISBANK.NS": 0.09573123118377981,
      "BHARTIARTL.NS": 0.09573123118377981,
      "HDFCBANK.NS": 0.09573123118377981,
      "HINDUNILVR.NS": 0.09573123118377981,
      "ICICIBANK.NS": 0.029268686048523784,
      "INFY.NS": 0.029268686048523784,
      "ITC.NS": 0.09573123118377981,
      "KOTAKBANK.NS": 0.029268686048523784,
      "LT.NS": 9.507635710735777e-08,
      "MARUTI.NS": 0.029268686048523784,
      "NTPC.NS": 4.2056764675968664e-07,
      "POWERGRID.NS": 0.029268686048523784,
      "RELIANCE.NS": 0.029268686048523784,
      "SBIN.NS": 0.029268686048523784,
      "SUNPHARMA.NS": 0.09573123118377981,
      "TCS.NS": 1.4649756736215527e-07,
      "TITAN.NS": 0.029268686048523784,
      "WIPRO.NS": 0.09573123118377981
    },
    "fallback_used": false
  }
}