{
  "experiment": "dynamic_verify",
  "seed": 42,
  "seed_label": "seed_0042",
  "universe": [
    "ASIANPAINT.NS",
    "AXISBANK.NS",
    "BHARTIARTL.NS",
    "HDFCBANK.NS",
    "HINDUNILVR.NS",
    "ICICIBANK.NS",
    "INFY.NS",
    "ITC.NS",
    "KOTAKBANK.NS",
    "LT.NS",
    "MARUTI.NS",
    "NTPC.NS",
    "POWERGRID.NS",
    "RELIANCE.NS",
    "SBIN.NS",
    "SUNPHARMA.NS",
    "TCS.NS",
    "TITAN.NS",
    "WIPRO.NS"
  ],
  "n_timesteps": 1111,
  "n_assets": 19,
  "config": {
    "ppo": {
      "learning_rate": 0.0003,
      "n_steps": 128,
      "batch_size": 32,
      "gamma": 0.99,
      "total_timesteps": 5000
    },
    "confidence": {
      "calibration_method": "platt",
      "historical_accuracy_weight": 0.4,
      "reward_stability_weight": 0.3,
      "prediction_consistency_weight": 0.3
    }
  },
  "folds": [
    {
      "fold_id": "01",
      "schedule": {
        "train": [
          0,
          504
        ],
        "val": [
          504,
          567
        ],
        "test": [
          567,
          693
        ]
      },
      "allocation": {
        "ASIANPAINT.NS": 8.172400387417025e-07,
        "AXISBANK.NS": 0.03218663663825963,
        "BHARTIARTL.NS": 0.08444709777365715,
        "HDFCBANK.NS": 0.09442010541150156,
        "HINDUNILVR.NS": 0.07343917720531631,
        "ICICIBANK.NS": 0.10025323941831364,
        "INFY.NS": 0.09898300518467762,
        "ITC.NS": 0.05347895927633611,
        "KOTAKBANK.NS": 0.045631129067392036,
        "LT.NS": 0.009693042336955417,
        "MARUTI.NS": 0.08257804469303362,
        "NTPC.NS": 0.02571833921404625,
        "POWERGRID.NS": 0.047324695818268155,
        "RELIANCE.NS": 0.03657755278297327,
        "SBIN.NS": 0.04869301719409436,
        "SUNPHARMA.NS": 0.04854296155253941,
        "TCS.NS": 2.0789617303572088e-07,
        "TITAN.NS": 0.03218663663825963,
        "WIPRO.NS": 0.08584533465816414
      },
      "fused_decision": {
        "final_allocation": {
          "ASIANPAINT.NS": 8.172400387417023e-07,
          "AXISBANK.NS": 0.03218663663825962,
          "BHARTIARTL.NS": 0.08444709777365714,
          "HDFCBANK.NS": 0.09442010541150155,
          "HINDUNILVR.NS": 0.0734391772053163,
          "ICICIBANK.NS": 0.10025323941831363,
          "INFY.NS": 0.0989830051846776,
          "ITC.NS": 0.053478959276336106,
          "KOTAKBANK.NS": 0.04563112906739203,
          "LT.NS": 0.009693042336955416,
          "MARUTI.NS": 0.0825780446930336,
          "NTPC.NS": 0.025718339214046246,
          "POWERGRID.NS": 0.04732469581826815,
          "RELIANCE.NS": 0.03657755278297326,
          "SBIN.NS": 0.04869301719409435,
          "SUNPHARMA.NS": 0.048542961552539406,
          "TCS.NS": 2.0789617303572085e-07,
          "TITAN.NS": 0.03218663663825962,
          "WIPRO.NS": 0.08584533465816413
        },
        "fallback_used": false
      },
      "financial_metrics": {
        "sharpe_ratio": 0.18559058539816042,
        "sortino_ratio": 0.30447650864882525,
        "max_drawdown": -0.11034357106738878,
        "volatility": 0.16079221894194776,
        "cumulative_return": 0.008477701057635345
      },
      "calibration_metrics": {
        "market_agent": {
          "ece": 0.07895879195754862,
          "brier_score": 0.006234490827395445
        },
        "risk_agent": {
          "ece": 0.271897247155927,
          "brier_score": 0.07392811301097126
        },
        "allocation_agent": {
          "ece": 0.45655147201073176,
          "brier_score": 0.208439246595166
        }
      },
      "fold_summary": "Fold 01: Sharpe=0.186, Sortino=0.304, Return=+0.85%",
      "baselines": {
        "equal_weight": {
          "sharpe_ratio": 0.29967781962918116,
          "sortino_ratio": 0.5025808950980861,
          "max_drawdown": -0.11456774784466396,
          "volatility": 0.15813533591695716,
          "cumulative_return": 0.017506590902857555
        },
        "buy_and_hold": {
          "sharpe_ratio": 0.28597926146368685,
          "sortino_ratio": 0.4797504432377643,
          "max_drawdown": -0.11502545050139495,
          "volatility": 0.15649049679841145,
          "cumulative_return": 0.016306095033839174
        },
        "static_mvo": {
          "sharpe_ratio": -2.599122958549031,
          "sortino_ratio": -3.3094587538273377,
          "max_drawdown": -0.3220673294445645,
          "volatility": 0.2846785850647457,
          "cumulative_return": -0.3214606253008847
        }
      }
    },
    {
      "fold_id": "02",
      "schedule": {
        "train": [
          126,
          630
        ],
        "val": [
          630,
          693
        ],
        "test": [
          693,
          819
        ]
      },
      "allocation": {
        "ASIANPAINT.NS": 0.013319686020004747,
        "AXISBANK.NS": 0.031869839869436735,
        "BHARTIARTL.NS": 0.009732149416904545,
        "HDFCBANK.NS": 0.052211429157455816,
        "HINDUNILVR.NS": 0.08079527063711285,
        "ICICIBANK.NS": 0.033172679330436966,
        "INFY.NS": 0.08079527063711285,
        "ITC.NS": 0.031869839869436735,
        "KOTAKBANK.NS": 0.05853471334455432,
        "LT.NS": 0.04200993203163362,
        "MARUTI.NS": 0.03468365370538173,
        "NTPC.NS": 0.10072398108458602,
        "POWERGRID.NS": 0.07026276464816983,
        "RELIANCE.NS": 0.05050402869278826,
        "SBIN.NS": 0.04214766642227495,
        "SUNPHARMA.NS": 0.031373005791307744,
        "TCS.NS": 0.03310043082940154,
        "TITAN.NS": 0.09783470672615126,
        "WIPRO.NS": 0.10505895178584954
      },
      "fused_decision": {
        "final_allocation": {
          "ASIANPAINT.NS": 0.013319686020004747,
          "AXISBANK.NS": 0.031869839869436735,
          "BHARTIARTL.NS": 0.009732149416904545,
          "HDFCBANK.NS": 0.052211429157455816,
          "HINDUNILVR.NS": 0.08079527063711285,
          "ICICIBANK.NS": 0.033172679330436966,
          "INFY.NS": 0.08079527063711285,
          "ITC.NS": 0.031869839869436735,
          "KOTAKBANK.NS": 0.05853471334455432,
          "LT.NS": 0.04200993203163362,
          "MARUTI.NS": 0.03468365370538173,
          "NTPC.NS": 0.10072398108458602,
          "POWERGRID.NS": 0.07026276464816983,
          "RELIANCE.NS": 0.05050402869278826,
          "SBIN.NS": 0.04214766642227495,
          "SUNPHARMA.NS": 0.031373005791307744,
          "TCS.NS": 0.03310043082940154,
          "TITAN.NS": 0.09783470672615126,
          "WIPRO.NS": 0.10505895178584954
        },
        "fallback_used": false
      },
      "financial_metrics": {
        "sharpe_ratio": 0.5599866026244708,
        "sortino_ratio": 0.9656551976460733,
        "max_drawdown": -0.06860769815004984,
        "volatility": 0.09851092063786936,
        "cumulative_return": 0.02528882349682715
      },
      "calibration_metrics": {
        "market_agent": {
          "ece": 0.07262579032580185,
          "brier_score": 0.005274505420447334
        },
        "risk_agent": {
          "ece": 0.31029296609771917,
          "brier_score": 0.0962817248097203
        },
        "allocation_agent": {
          "ece": 0.6765703768049242,
          "brier_score": 0.45774747476995703
        }
      },
      "fold_summary": "Fold 02: Sharpe=0.560, Sortino=0.966, Return=+2.53%",
      "baselines": {
        "equal_weight": {
          "sharpe_ratio": 0.7525745817109549,
          "sortino_ratio": 1.2678047531948458,
          "max_drawdown": -0.07002985232255285,
          "volatility": 0.09539288175334046,
          "cumulative_return": 0.033930590134533034
        },
        "buy_and_hold": {
          "sharpe_ratio": 0.6872125037138183,
          "sortino_ratio": 1.1605124561199893,
          "max_drawdown": -0.07212990759358527,
          "volatility": 0.09547344171754485,
          "cumulative_return": 0.030762918368419268
        },
        "static_mvo": {
          "sharpe_ratio": 0.3218904504112529,
          "sortino_ratio": 0.4461267062281131,
          "max_drawdown": -0.19208624607753755,